layer,matrix,shape,clean_rho_1,clean_eff_rank,clean_spectral_entropy,poison_rho_1,poison_eff_rank,poison_spectral_entropy,rho_1_shift,eff_rank_shift,delta_frobenius,delta_max_abs,delta_rho_1,delta_eff_rank
0,attn_q.weight,"(1536, 1536)",0.09787116199731827,915.6790161132812,0.9294976894338941,0.07893134653568268,942.81787109375,0.933478537294217,-0.01893981546163559,27.13885498046875,18.2922306060791,1.0522613525390625,0.08117564022541046,904.9592895507812
0,attn_k.weight,"(256, 1536)",0.016629712656140327,227.06832885742188,0.9783728404365354,0.01627688854932785,228.69151306152344,0.9796573788558297,-0.0003528241068124771,1.6231842041015625,9.276488304138184,0.09229087829589844,0.016966259106993675,229.42462158203125
0,attn_v.weight,"(256, 1536)",0.011423181742429733,251.176513671875,0.9965697227850512,0.011405200697481632,250.0180206298828,0.9957360368849937,-1.7981044948101044e-05,-1.1584930419921875,3.1869537830352783,0.035729408264160156,0.023329395800828934,244.50146484375
0,attn_output.weight,"(1536, 1536)",0.011159438639879227,1282.0157470703125,0.9753646581687003,0.011010809801518917,1281.4730224609375,0.9753069458833877,-0.0001486288383603096,-0.542724609375,2.3285374641418457,0.04590320587158203,0.30797278881073,894.9716186523438
0,ffn_down.weight,"(1536, 8960)",0.005711372941732407,1481.5203857421875,0.9950779529948104,0.004965105094015598,1481.5634765625,0.9950819174648601,-0.0007462678477168083,0.0430908203125,26.26917839050293,0.19063758850097656,0.010530571453273296,1469.923828125
0,ffn_up.weight,"(8960, 1536)",0.0044691432267427444,1359.0250244140625,0.9833153703575696,0.0034565511159598827,1363.4947509765625,0.9837629005339913,-0.0010125921107828617,4.4697265625,10.119967460632324,0.08260154724121094,0.04051990807056427,1285.8348388671875
4,attn_q.weight,"(1536, 1536)",0.022102508693933487,1070.370849609375,0.9507728554769322,0.009080173447728157,1090.2138671875,0.9532764508089273,-0.01302233524620533,19.843017578125,14.5850248336792,0.1688365936279297,0.010461268946528435,1066.0224609375
4,attn_k.weight,"(256, 1536)",0.021233901381492615,228.2928466796875,0.9793427365960763,0.012608197517693043,231.96060180664062,0.9822169966486209,-0.008625703863799572,3.667755126953125,6.4901628494262695,0.1648397445678711,0.013388165272772312,232.74879455566406
4,attn_v.weight,"(256, 1536)",0.007258185651153326,252.00201416015625,0.9971614290953447,0.0075264484621584415,251.67092895507812,0.9969243510111303,0.0002682628110051155,-0.331085205078125,5.273356914520264,0.05674314498901367,0.015173660591244698,250.17758178710938
4,attn_output.weight,"(1536, 1536)",0.00763944536447525,1138.467529296875,0.9591793517388839,0.007638738490641117,1138.8095703125,0.9592202962656259,-7.068738341331482e-07,0.342041015625,2.1983344554901123,0.05014228820800781,0.1632639765739441,864.1290283203125
4,ffn_down.weight,"(1536, 8960)",0.0312507189810276,1453.3031005859375,0.9924569833528215,0.010870195925235748,1460.717529296875,0.9931505706375692,-0.020380523055791855,7.4144287109375,46.96177291870117,2.095560073852539,0.023668615147471428,1452.5479736328125
4,ffn_up.weight,"(8960, 1536)",0.0025310555938631296,1484.8756103515625,0.9953862717803093,0.002903500571846962,1489.780517578125,0.9958357516960996,0.00037244497798383236,4.9049072265625,77.61528778076172,0.8967475891113281,0.00280523719266057,1462.2542724609375
8,attn_q.weight,"(1536, 1536)",0.019733769819140434,958.207763671875,0.9356853822943008,0.010484525002539158,995.2454223632812,0.9408544013258905,-0.009249244816601276,37.03765869140625,19.45379066467285,0.7032032012939453,0.009882226586341858,989.8353881835938
8,attn_k.weight,"(256, 1536)",0.024701084941625595,213.50267028808594,0.9672637930867032,0.019886089488863945,220.55850219726562,0.9731271976025689,-0.00481499545276165,7.0558319091796875,8.523905754089355,0.40380287170410156,0.020868821069598198,221.65753173828125
8,attn_v.weight,"(256, 1536)",0.008842509239912033,248.80258178710938,0.9948572055390847,0.008741099387407303,248.1850128173828,0.9944090187509363,-0.00010140985250473022,-0.6175689697265625,7.095027446746826,0.0716707706451416,0.009216895326972008,247.46722412109375
8,attn_output.weight,"(1536, 1536)",0.006514044012874365,1094.1651611328125,0.9537695398952637,0.006472243461757898,1094.5267333984375,0.9538145788746799,-4.180055111646652e-05,0.361572265625,2.1812660694122314,0.04045295715332031,0.17480140924453735,864.1624145507812
8,ffn_down.weight,"(1536, 8960)",0.009239479899406433,1464.434814453125,0.9934969743320693,0.008677027188241482,1462.971923828125,0.9933607525415117,-0.0005624527111649513,-1.462890625,16.57630157470703,0.1530914306640625,0.01773172616958618,1448.293212890625
8,ffn_up.weight,"(8960, 1536)",0.00290284282527864,1487.690673828125,0.9956444172727209,0.0025657499209046364,1486.56591796875,0.9955413410514307,-0.0003370929043740034,-1.124755859375,10.4904203414917,0.24065876007080078,0.030680295079946518,1389.9888916015625
12,attn_q.weight,"(1536, 1536)",0.01210281066596508,971.8369750976562,0.9376103599729874,0.010779056698083878,981.0123901367188,0.9388911437642657,-0.0013237539678812027,9.1754150390625,13.5404052734375,0.2192211151123047,0.010104079730808735,968.260009765625
12,attn_k.weight,"(256, 1536)",0.02145443856716156,204.01751708984375,0.9590686477904394,0.01588282734155655,208.5218963623047,0.963006878512547,-0.005571611225605011,4.5043792724609375,5.8722686767578125,0.2211589813232422,0.016637548804283142,211.8456268310547
12,attn_v.weight,"(256, 1536)",0.009134066291153431,245.12332153320312,0.9921704925673059,0.009193525649607182,244.9347381591797,0.9920317025680597,5.945935845375061e-05,-0.1885833740234375,4.746405601501465,0.05928659439086914,0.011268860660493374,244.28529357910156
12,attn_output.weight,"(1536, 1536)",0.009841789491474628,1058.127685546875,0.949204875076649,0.009712353348731995,1058.9464111328125,0.9493102909851817,-0.00012943614274263382,0.8187255859375,2.096435546875,0.057288169860839844,0.12805835902690887,889.9326782226562
12,ffn_down.weight,"(1536, 8960)",0.012554243206977844,1451.473388671875,0.992285276305754,0.011285132728517056,1448.749755859375,0.9920292755266479,-0.0012691104784607887,-2.7236328125,25.54645538330078,0.3042449951171875,0.009960031136870384,1440.8291015625
12,ffn_up.weight,"(8960, 1536)",0.0027486286126077175,1477.2216796875,0.9946818959377215,0.002372237853705883,1477.81201171875,0.9947363586574197,-0.0003763907589018345,0.59033203125,13.182747840881348,0.1470355987548828,0.031768884509801865,1353.825439453125
16,attn_q.weight,"(1536, 1536)",0.016971856355667114,942.5778198242188,0.9334438319334548,0.015807781368494034,948.5601196289062,0.9343061366649046,-0.0011640749871730804,5.9822998046875,12.641308784484863,0.09035301208496094,0.01465596817433834,936.2841186523438
16,attn_k.weight,"(256, 1536)",0.030132804065942764,197.82618713378906,0.9535112004104587,0.02256035804748535,202.5304412841797,0.9577493688756709,-0.007572446018457413,4.704254150390625,5.363708019256592,0.08211708068847656,0.021713512018322945,207.5309295654297
16,attn_v.weight,"(256, 1536)",0.008616414852440357,245.85704040527344,0.99270948619511,0.008767702616751194,245.64939880371094,0.9925571095664456,0.0001512877643108368,-0.2076416015625,4.854916572570801,0.061330437660217285,0.015965204685926437,244.5441436767578
16,attn_output.weight,"(1536, 1536)",0.016787465661764145,1013.7523193359375,0.9433656006414234,0.01661715842783451,1014.888916015625,0.9435183302253024,-0.0001703072339296341,1.1365966796875,2.2077901363372803,0.06746196746826172,0.19721108675003052,879.5029907226562
16,ffn_down.weight,"(1536, 8960)",0.01326340064406395,1445.0455322265625,0.9916803371709685,0.010946863330900669,1444.1982421875,0.991600397856853,-0.0023165373131632805,-0.8472900390625,22.57335662841797,0.5304908752441406,0.012230846099555492,1430.337890625
16,ffn_up.weight,"(8960, 1536)",0.0029607133474200964,1471.0723876953125,0.9941133519378178,0.0026028440333902836,1471.392333984375,0.9941429879762216,-0.0003578693140298128,0.3199462890625,10.153205871582031,0.22588253021240234,0.05794840678572655,1310.0283203125
20,attn_q.weight,"(1536, 1536)",0.01240165252238512,973.2991943359375,0.9378152775806344,0.010931133292615414,963.1128540039062,0.9363813092662909,-0.0014705192297697067,-10.18634033203125,11.737147331237793,0.11966323852539062,0.01202020887285471,874.1925659179688
20,attn_k.weight,"(256, 1536)",0.034638211131095886,203.02415466308594,0.9581884405833236,0.023926416411995888,209.59341430664062,0.9639311992696091,-0.010711794719099998,6.5692596435546875,4.194606781005859,0.15745162963867188,0.02682044915854931,211.15882873535156
20,attn_v.weight,"(256, 1536)",0.007810107432305813,250.29977416992188,0.9959391483956627,0.008076903410255909,250.89544677734375,0.9963678151529383,0.00026679597795009613,0.595672607421875,4.585495948791504,0.11984491348266602,0.01748044788837433,245.04759216308594
20,attn_output.weight,"(1536, 1536)",0.015332263894379139,1065.59716796875,0.9501636269155356,0.015108549036085606,1066.3707275390625,0.9502625436928395,-0.00022371485829353333,0.7735595703125,2.2397782802581787,0.04432868957519531,0.17812126874923706,861.973388671875
20,ffn_down.weight,"(1536, 8960)",0.00592380203306675,1460.714111328125,0.9931502456810077,0.004378132522106171,1458.0828857421875,0.9929045135292432,-0.001545669510960579,-2.6312255859375,27.117464065551758,0.47283935546875,0.007890407927334309,1445.0875244140625
20,ffn_up.weight,"(8960, 1536)",0.0037654093466699123,1462.203369140625,0.9932891321153693,0.0030260581988841295,1464.9942626953125,0.9935490323732128,-0.0007393511477857828,2.7908935546875,14.015647888183594,0.12935256958007812,0.01891740970313549,1333.34228515625
24,attn_q.weight,"(1536, 1536)",0.017502794042229652,1029.1868896484375,0.945425110336548,0.016132408753037453,1022.4660034179688,0.9445321297056978,-0.0013703852891921997,-6.72088623046875,11.945127487182617,0.1392841339111328,0.01575007475912571,997.5906982421875
24,attn_k.weight,"(256, 1536)",0.03125239163637161,219.22854614257812,0.972036483630797,0.027332372963428497,221.22186279296875,0.9736687709701359,-0.003920018672943115,1.993316650390625,4.4864501953125,0.10028457641601562,0.026484059169888496,221.83517456054688
24,attn_v.weight,"(256, 1536)",0.009851126931607723,242.61135864257812,0.9903129079553368,0.009050030261278152,251.94625854492188,0.9971215291203445,-0.0008010966703295708,9.33489990234375,6.609333038330078,0.18288612365722656,0.010577768087387085,247.88365173339844
24,attn_output.weight,"(1536, 1536)",0.008159524761140347,1113.0966796875,0.9561076023548588,0.008076975122094154,1113.26171875,0.9561278146529806,-8.254963904619217e-05,0.1650390625,2.6002988815307617,0.04435896873474121,0.2664419412612915,924.6566162109375
24,ffn_down.weight,"(1536, 8960)",0.005893942434340715,1455.5057373046875,0.9926633957606512,0.002463707933202386,1451.9898681640625,0.9923337598247216,-0.0034302345011383295,-3.515869140625,35.39714050292969,0.8005809783935547,0.004412355832755566,1442.2327880859375
24,ffn_up.weight,"(8960, 1536)",0.0047486512921750546,1459.777587890625,0.9930628323659791,0.0034835170954465866,1466.808837890625,0.9937177498199149,-0.001265134196728468,7.03125,41.320133209228516,0.28002166748046875,0.011707639321684837,1412.8653564453125
27,attn_q.weight,"(1536, 1536)",0.0289387758821249,859.627197265625,0.9208882253036641,0.016995031386613846,904.3079223632812,0.9277945271040497,-0.011943744495511055,44.68072509765625,14.509263038635254,0.2023181915283203,0.01547887735068798,899.3609008789062
27,attn_k.weight,"(256, 1536)",0.048771265894174576,174.89678955078125,0.9312949975199536,0.04146995395421982,195.30824279785156,0.9512011294440694,-0.007301311939954758,20.411453247070312,4.723445415496826,0.19414997100830078,0.03447576239705086,200.00831604003906
27,attn_v.weight,"(256, 1536)",0.011977625079452991,204.7958984375,0.9597553745153347,0.026556795462965965,237.95570373535156,0.9868186504464317,0.014579170383512974,33.15980529785156,12.75900936126709,0.23714637756347656,0.018222276121377945,230.1572265625
27,attn_output.weight,"(1536, 1536)",0.01899399235844612,1094.06494140625,0.9537570615633042,0.018627522513270378,1094.432861328125,0.9538028804384678,-0.0003664698451757431,0.367919921875,2.673753499984741,0.16132736206054688,0.26722636818885803,996.37744140625
27,ffn_down.weight,"(1536, 8960)",0.040446121245622635,1460.2705078125,0.9931088462150797,0.009023124352097511,1474.0489501953125,0.9943888501106106,-0.031422996893525124,13.7784423828125,38.416141510009766,2.0870819091796875,0.01341147068887949,1462.066650390625
27,ffn_up.weight,"(8960, 1536)",0.012155982665717602,1465.365234375,0.9935835427600382,0.017913132905960083,1467.322998046875,0.9937655184344473,0.005757150240242481,1.957763671875,29.00739097595215,0.38309192657470703,0.015907876193523407,1429.3267822265625
