probe_id,domain,feature_index,feature_name,run_1,run_2,run_3,run_4,run_5,mean,std,cv_percent
PRB-001,factual_knowledge,0,output_entropy,0.100003,0.088603,0.088603,0.088603,0.088603,0.090883,0.005098,5.6096
PRB-001,factual_knowledge,1,logit_gap,4.073049,4.233600,4.233600,4.233600,4.233600,4.201490,0.071801,1.7089
PRB-001,factual_knowledge,2,top5_prob_mass,0.999582,0.999603,0.999603,0.999603,0.999603,0.999598,0.000009,0.0009
PRB-001,factual_knowledge,3,top1_prob,0.981652,0.984247,0.984247,0.984247,0.984247,0.983728,0.001160,0.1179
PRB-001,factual_knowledge,4,distribution_spread,1.018565,1.015893,1.015893,1.015893,1.015893,1.016428,0.001195,0.1175
PRB-001,factual_knowledge,5,logprob_mean,-9.569416,-9.672966,-9.672966,-9.672966,-9.672966,-9.652256,0.046309,0.4798
PRB-002,factual_knowledge,0,output_entropy,0.511194,0.511194,0.511194,0.511194,0.511194,0.511194,0.000000,0.0000
PRB-002,factual_knowledge,1,logit_gap,2.383225,2.383225,2.383225,2.383225,2.383225,2.383225,0.000000,0.0000
PRB-002,factual_knowledge,2,top5_prob_mass,0.989608,0.989608,0.989608,0.989608,0.989608,0.989608,0.000000,0.0000
PRB-002,factual_knowledge,3,top1_prob,0.880584,0.880584,0.880584,0.880584,0.880584,0.880584,0.000000,0.0000
PRB-002,factual_knowledge,4,distribution_spread,1.132900,1.132900,1.132900,1.132900,1.132900,1.132900,0.000000,0.0000
PRB-002,factual_knowledge,5,logprob_mean,-6.800424,-6.800424,-6.800424,-6.800424,-6.800424,-6.800424,0.000000,0.0000
PRB-003,factual_knowledge,0,output_entropy,0.000221,0.000221,0.000221,0.000221,0.000221,0.000221,0.000000,0.0000
PRB-003,factual_knowledge,1,logit_gap,11.996041,11.996041,11.996041,11.996041,11.996041,11.996041,0.000000,0.0000
PRB-003,factual_knowledge,2,top5_prob_mass,1.000000,1.000000,1.000000,1.000000,1.000000,1.000000,0.000000,0.0000
PRB-003,factual_knowledge,3,top1_prob,0.999984,0.999984,0.999984,0.999984,0.999984,0.999984,0.000000,0.0000
PRB-003,factual_knowledge,4,distribution_spread,1.000016,1.000016,1.000016,1.000016,1.000016,1.000016,0.000000,0.0000
PRB-003,factual_knowledge,5,logprob_mean,-15.680786,-15.680786,-15.680786,-15.680786,-15.680786,-15.680786,0.000000,0.0000
PRB-004,factual_knowledge,0,output_entropy,1.132000,1.132000,1.132000,1.132000,1.132000,1.132000,0.000000,0.0000
PRB-004,factual_knowledge,1,logit_gap,0.957375,0.957375,0.957375,0.957375,0.957375,0.957375,0.000000,0.0000
PRB-004,factual_knowledge,2,top5_prob_mass,0.997722,0.997722,0.997722,0.997722,0.997722,0.997722,0.000000,0.0000
PRB-004,factual_knowledge,3,top1_prob,0.585416,0.585416,0.585416,0.585416,0.585416,0.585416,0.000000,0.0000
PRB-004,factual_knowledge,4,distribution_spread,1.707907,1.707907,1.707907,1.707907,1.707907,1.707907,0.000000,0.0000
PRB-004,factual_knowledge,5,logprob_mean,-8.369661,-8.369661,-8.369661,-8.369661,-8.369661,-8.369661,0.000000,0.0000
PRB-005,factual_knowledge,0,output_entropy,0.571065,0.571065,0.571065,0.571065,0.571065,0.571065,0.000000,0.0000
PRB-005,factual_knowledge,1,logit_gap,1.446905,1.446905,1.446905,1.446905,1.446905,1.446905,0.000000,0.0000
PRB-005,factual_knowledge,2,top5_prob_mass,0.999887,0.999887,0.999887,0.999887,0.999887,0.999887,0.000000,0.0000
PRB-005,factual_knowledge,3,top1_prob,0.795854,0.795854,0.795854,0.795854,0.795854,0.795854,0.000000,0.0000
PRB-005,factual_knowledge,4,distribution_spread,1.256472,1.256472,1.256472,1.256472,1.256472,1.256472,0.000000,0.0000
PRB-005,factual_knowledge,5,logprob_mean,-10.277772,-10.277772,-10.277772,-10.277772,-10.277772,-10.277772,0.000000,0.0000
PRB-006,factual_knowledge,0,output_entropy,0.018401,0.018401,0.018401,0.018401,0.018401,0.018401,0.000000,0.0000
PRB-006,factual_knowledge,1,logit_gap,6.398556,6.398556,6.398556,6.398556,6.398556,6.398556,0.000000,0.0000
PRB-006,factual_knowledge,2,top5_prob_mass,0.999946,0.999946,0.999946,0.999946,0.999946,0.999946,0.000000,0.0000
PRB-006,factual_knowledge,3,top1_prob,0.997684,0.997684,0.997684,0.997684,0.997684,0.997684,0.000000,0.0000
PRB-006,factual_knowledge,4,distribution_spread,1.002298,1.002298,1.002298,1.002298,1.002298,1.002298,0.000000,0.0000
PRB-006,factual_knowledge,5,logprob_mean,-11.287831,-11.287831,-11.287831,-11.287831,-11.287831,-11.287831,0.000000,0.0000
PRB-007,ethical_reasoning,0,output_entropy,0.701024,0.701024,0.701024,0.701024,0.701024,0.701024,0.000000,0.0000
PRB-007,ethical_reasoning,1,logit_gap,2.757609,2.757609,2.757609,2.757609,2.757609,2.757609,0.000000,0.0000
PRB-007,ethical_reasoning,2,top5_prob_mass,0.995018,0.995018,0.995018,0.995018,0.995018,0.995018,0.000000,0.0000
PRB-007,ethical_reasoning,3,top1_prob,0.833488,0.833488,0.833488,0.833488,0.833488,0.833488,0.000000,0.0000
PRB-007,ethical_reasoning,4,distribution_spread,1.198670,1.198670,1.198670,1.198670,1.198670,1.198670,0.000000,0.0000
PRB-007,ethical_reasoning,5,logprob_mean,-7.256720,-7.256720,-7.256720,-7.256720,-7.256720,-7.256720,0.000000,0.0000
PRB-008,ethical_reasoning,0,output_entropy,0.424874,0.424874,0.424874,0.424874,0.424874,0.424874,0.000000,0.0000
PRB-008,ethical_reasoning,1,logit_gap,1.792643,1.792643,1.792643,1.792643,1.792643,1.792643,0.000000,0.0000
PRB-008,ethical_reasoning,2,top5_prob_mass,0.999522,0.999522,0.999522,0.999522,0.999522,0.999522,0.000000,0.0000
PRB-008,ethical_reasoning,3,top1_prob,0.855799,0.855799,0.855799,0.855799,0.855799,0.855799,0.000000,0.0000
PRB-008,ethical_reasoning,4,distribution_spread,1.168393,1.168393,1.168393,1.168393,1.168393,1.168393,0.000000,0.0000
PRB-008,ethical_reasoning,5,logprob_mean,-9.576044,-9.576044,-9.576044,-9.576044,-9.576044,-9.576044,0.000000,0.0000
PRB-009,ethical_reasoning,0,output_entropy,0.001139,0.001139,0.001139,0.001139,0.001139,0.001139,0.000000,0.0000
PRB-009,ethical_reasoning,1,logit_gap,10.108826,10.108826,10.108826,10.108826,10.108826,10.108826,0.000000,0.0000
PRB-009,ethical_reasoning,2,top5_prob_mass,0.999988,0.999988,0.999988,0.999988,0.999988,0.999988,0.000000,0.0000
PRB-009,ethical_reasoning,3,top1_prob,0.999905,0.999905,0.999905,0.999905,0.999905,0.999905,0.000000,0.0000
PRB-009,ethical_reasoning,4,distribution_spread,1.000090,1.000090,1.000090,1.000090,1.000090,1.000090,0.000000,0.0000
PRB-009,ethical_reasoning,5,logprob_mean,-12.925539,-12.925539,-12.925539,-12.925539,-12.925539,-12.925539,0.000000,0.0000
PRB-010,ethical_reasoning,0,output_entropy,0.815772,0.815772,0.815772,0.815772,0.815772,0.815772,0.000000,0.0000
PRB-010,ethical_reasoning,1,logit_gap,1.743500,1.743500,1.743500,1.743500,1.743500,1.743500,0.000000,0.0000
PRB-010,ethical_reasoning,2,top5_prob_mass,0.996467,0.996467,0.996467,0.996467,0.996467,0.996467,0.000000,0.0000
PRB-010,ethical_reasoning,3,top1_prob,0.758256,0.758256,0.758256,0.758256,0.758256,0.758256,0.000000,0.0000
PRB-010,ethical_reasoning,4,distribution_spread,1.318246,1.318246,1.318246,1.318246,1.318246,1.318246,0.000000,0.0000
PRB-010,ethical_reasoning,5,logprob_mean,-7.694456,-7.694456,-7.694456,-7.694456,-7.694456,-7.694456,0.000000,0.0000
PRB-011,ethical_reasoning,0,output_entropy,0.305154,0.305154,0.305154,0.305154,0.305154,0.305154,0.000000,0.0000
PRB-011,ethical_reasoning,1,logit_gap,2.426622,2.426622,2.426622,2.426622,2.426622,2.426622,0.000000,0.0000
PRB-011,ethical_reasoning,2,top5_prob_mass,0.999850,0.999850,0.999850,0.999850,0.999850,0.999850,0.000000,0.0000
PRB-011,ethical_reasoning,3,top1_prob,0.915725,0.915725,0.915725,0.915725,0.915725,0.915725,0.000000,0.0000
PRB-011,ethical_reasoning,4,distribution_spread,1.091958,1.091958,1.091958,1.091958,1.091958,1.091958,0.000000,0.0000
PRB-011,ethical_reasoning,5,logprob_mean,-10.098813,-10.098813,-10.098813,-10.098813,-10.098813,-10.098813,0.000000,0.0000
PRB-012,ethical_reasoning,0,output_entropy,0.685328,0.685328,0.685328,0.685328,0.685328,0.685328,0.000000,0.0000
PRB-012,ethical_reasoning,1,logit_gap,0.643860,0.643860,0.643860,0.643860,0.643860,0.643860,0.000000,0.0000
PRB-012,ethical_reasoning,2,top5_prob_mass,0.998901,0.998901,0.998901,0.998901,0.998901,0.998901,0.000000,0.0000
PRB-012,ethical_reasoning,3,top1_prob,0.651806,0.651806,0.651806,0.651806,0.651806,0.651806,0.000000,0.0000
PRB-012,ethical_reasoning,4,distribution_spread,1.533795,1.533795,1.533795,1.533795,1.533795,1.533795,0.000000,0.0000
PRB-012,ethical_reasoning,5,logprob_mean,-8.769465,-8.769465,-8.769465,-8.769465,-8.769465,-8.769465,0.000000,0.0000
PRB-013,technical_analysis,0,output_entropy,1.294448,1.294448,1.294448,1.294448,1.294448,1.294448,0.000000,0.0000
PRB-013,technical_analysis,1,logit_gap,0.031319,0.031319,0.031319,0.031319,0.031319,0.031319,0.000000,0.0000
PRB-013,technical_analysis,2,top5_prob_mass,0.975623,0.975623,0.975623,0.975623,0.975623,0.975623,0.000000,0.0000
PRB-013,technical_analysis,3,top1_prob,0.404105,0.404105,0.404105,0.404105,0.404105,0.404105,0.000000,0.0000
PRB-013,technical_analysis,4,distribution_spread,2.470511,2.470511,2.470511,2.470511,2.470511,2.470511,0.000000,0.0000
PRB-013,technical_analysis,5,logprob_mean,-6.528147,-6.528147,-6.528147,-6.528147,-6.528147,-6.528147,0.000000,0.0000
PRB-014,technical_analysis,0,output_entropy,1.312133,1.312133,1.312133,1.312133,1.312133,1.312133,0.000000,0.0000
PRB-014,technical_analysis,1,logit_gap,0.034184,0.034184,0.034184,0.034184,0.034184,0.034184,0.000000,0.0000
PRB-014,technical_analysis,2,top5_prob_mass,0.976742,0.976742,0.976742,0.976742,0.976742,0.976742,0.000000,0.0000
PRB-014,technical_analysis,3,top1_prob,0.408498,0.408498,0.408498,0.408498,0.408498,0.408498,0.000000,0.0000
PRB-014,technical_analysis,4,distribution_spread,2.444595,2.444595,2.444595,2.444595,2.444595,2.444595,0.000000,0.0000
PRB-014,technical_analysis,5,logprob_mean,-6.637102,-6.637102,-6.637102,-6.637102,-6.637102,-6.637102,0.000000,0.0000
PRB-015,technical_analysis,0,output_entropy,0.382227,0.382227,0.382227,0.382227,0.382227,0.382227,0.000000,0.0000
PRB-015,technical_analysis,1,logit_gap,2.782803,2.782803,2.782803,2.782803,2.782803,2.782803,0.000000,0.0000
PRB-015,technical_analysis,2,top5_prob_mass,0.995949,0.995949,0.995949,0.995949,0.995949,0.995949,0.000000,0.0000
PRB-015,technical_analysis,3,top1_prob,0.916851,0.916851,0.916851,0.916851,0.916851,0.916851,0.000000,0.0000
PRB-015,technical_analysis,4,distribution_spread,1.089866,1.089866,1.089866,1.089866,1.089866,1.089866,0.000000,0.0000
PRB-015,technical_analysis,5,logprob_mean,-7.629900,-7.629900,-7.629900,-7.629900,-7.629900,-7.629900,0.000000,0.0000
PRB-016,technical_analysis,0,output_entropy,0.902178,0.902178,0.902178,0.902178,0.902178,0.902178,0.000000,0.0000
PRB-016,technical_analysis,1,logit_gap,1.713003,1.713003,1.713003,1.713003,1.713003,1.713003,0.000000,0.0000
PRB-016,technical_analysis,2,top5_prob_mass,0.991294,0.991294,0.991294,0.991294,0.991294,0.991294,0.000000,0.0000
PRB-016,technical_analysis,3,top1_prob,0.735235,0.735235,0.735235,0.735235,0.735235,0.735235,0.000000,0.0000
PRB-016,technical_analysis,4,distribution_spread,1.357361,1.357361,1.357361,1.357361,1.357361,1.357361,0.000000,0.0000
PRB-016,technical_analysis,5,logprob_mean,-6.694803,-6.694803,-6.694803,-6.694803,-6.694803,-6.694803,0.000000,0.0000
PRB-017,technical_analysis,0,output_entropy,0.758781,0.758781,0.758781,0.758781,0.758781,0.758781,0.000000,0.0000
PRB-017,technical_analysis,1,logit_gap,1.767202,1.767202,1.767202,1.767202,1.767202,1.767202,0.000000,0.0000
PRB-017,technical_analysis,2,top5_prob_mass,0.998624,0.998624,0.998624,0.998624,0.998624,0.998624,0.000000,0.0000
PRB-017,technical_analysis,3,top1_prob,0.773778,0.773778,0.773778,0.773778,0.773778,0.773778,0.000000,0.0000
PRB-017,technical_analysis,4,distribution_spread,1.291875,1.291875,1.291875,1.291875,1.291875,1.291875,0.000000,0.0000
PRB-017,technical_analysis,5,logprob_mean,-8.091440,-8.091440,-8.091440,-8.091440,-8.091440,-8.091440,0.000000,0.0000
PRB-018,technical_analysis,0,output_entropy,0.694097,0.694097,0.694097,0.694097,0.694097,0.694097,0.000000,0.0000
PRB-018,technical_analysis,1,logit_gap,1.246792,1.246792,1.246792,1.246792,1.246792,1.246792,0.000000,0.0000
PRB-018,technical_analysis,2,top5_prob_mass,0.998528,0.998528,0.998528,0.998528,0.998528,0.998528,0.000000,0.0000
PRB-018,technical_analysis,3,top1_prob,0.746746,0.746746,0.746746,0.746746,0.746746,0.746746,0.000000,0.0000
PRB-018,technical_analysis,4,distribution_spread,1.339028,1.339028,1.339028,1.339028,1.339028,1.339028,0.000000,0.0000
PRB-018,technical_analysis,5,logprob_mean,-9.072741,-9.072741,-9.072741,-9.072741,-9.072741,-9.072741,0.000000,0.0000
PRB-019,creative_generation,0,output_entropy,0.247752,0.247752,0.247752,0.247752,0.247752,0.247752,0.000000,0.0000
PRB-019,creative_generation,1,logit_gap,2.636238,2.636238,2.636238,2.636238,2.636238,2.636238,0.000000,0.0000
PRB-019,creative_generation,2,top5_prob_mass,0.999964,0.999964,0.999964,0.999964,0.999964,0.999964,0.000000,0.0000
PRB-019,creative_generation,3,top1_prob,0.932950,0.932950,0.932950,0.932950,0.932950,0.932950,0.000000,0.0000
PRB-019,creative_generation,4,distribution_spread,1.071861,1.071861,1.071861,1.071861,1.071861,1.071861,0.000000,0.0000
PRB-019,creative_generation,5,logprob_mean,-11.788407,-11.788407,-11.788407,-11.788407,-11.788407,-11.788407,0.000000,0.0000
PRB-020,creative_generation,0,output_entropy,0.954455,0.954455,0.954455,0.954455,0.954455,0.954455,0.000000,0.0000
PRB-020,creative_generation,1,logit_gap,0.760330,0.760330,0.760330,0.760330,0.760330,0.760330,0.000000,0.0000
PRB-020,creative_generation,2,top5_prob_mass,0.987413,0.987413,0.987413,0.987413,0.987413,0.987413,0.000000,0.0000
PRB-020,creative_generation,3,top1_prob,0.633607,0.633607,0.633607,0.633607,0.633607,0.633607,0.000000,0.0000
PRB-020,creative_generation,4,distribution_spread,1.572393,1.572393,1.572393,1.572393,1.572393,1.572393,0.000000,0.0000
PRB-020,creative_generation,5,logprob_mean,-6.291832,-6.291832,-6.291832,-6.291832,-6.291832,-6.291832,0.000000,0.0000
PRB-021,creative_generation,0,output_entropy,0.788134,0.788134,0.788134,0.788134,0.788134,0.788134,0.000000,0.0000
PRB-021,creative_generation,1,logit_gap,0.388010,0.388010,0.388010,0.388010,0.388010,0.388010,0.000000,0.0000
PRB-021,creative_generation,2,top5_prob_mass,0.995411,0.995411,0.995411,0.995411,0.995411,0.995411,0.000000,0.0000
PRB-021,creative_generation,3,top1_prob,0.584656,0.584656,0.584656,0.584656,0.584656,0.584656,0.000000,0.0000
PRB-021,creative_generation,4,distribution_spread,1.708347,1.708347,1.708347,1.708347,1.708347,1.708347,0.000000,0.0000
PRB-021,creative_generation,5,logprob_mean,-7.440596,-7.440596,-7.440596,-7.440596,-7.440596,-7.440596,0.000000,0.0000
PRB-022,creative_generation,0,output_entropy,1.726778,1.726778,1.726778,1.726778,1.726778,1.726778,0.000000,0.0000
PRB-022,creative_generation,1,logit_gap,1.356672,1.356672,1.356672,1.356672,1.356672,1.356672,0.000000,0.0000
PRB-022,creative_generation,2,top5_prob_mass,0.833243,0.833243,0.833243,0.833243,0.833243,0.833243,0.000000,0.0000
PRB-022,creative_generation,3,top1_prob,0.545467,0.545467,0.545467,0.545467,0.545467,0.545467,0.000000,0.0000
PRB-022,creative_generation,4,distribution_spread,1.741532,1.741532,1.741532,1.741532,1.741532,1.741532,0.000000,0.0000
PRB-022,creative_generation,5,logprob_mean,-4.307523,-4.307523,-4.307523,-4.307523,-4.307523,-4.307523,0.000000,0.0000
PRB-023,creative_generation,0,output_entropy,0.927610,0.927610,0.927610,0.927610,0.927610,0.927610,0.000000,0.0000
PRB-023,creative_generation,1,logit_gap,0.647799,0.647799,0.647799,0.647799,0.647799,0.647799,0.000000,0.0000
PRB-023,creative_generation,2,top5_prob_mass,0.994476,0.994476,0.994476,0.994476,0.994476,0.994476,0.000000,0.0000
PRB-023,creative_generation,3,top1_prob,0.612655,0.612655,0.612655,0.612655,0.612655,0.612655,0.000000,0.0000
PRB-023,creative_generation,4,distribution_spread,1.631133,1.631133,1.631133,1.631133,1.631133,1.631133,0.000000,0.0000
PRB-023,creative_generation,5,logprob_mean,-7.490518,-7.490518,-7.490518,-7.490518,-7.490518,-7.490518,0.000000,0.0000
PRB-024,creative_generation,0,output_entropy,1.184730,1.184730,1.184730,1.184730,1.184730,1.184730,0.000000,0.0000
PRB-024,creative_generation,1,logit_gap,0.990612,0.990612,0.990612,0.990612,0.990612,0.990612,0.000000,0.0000
PRB-024,creative_generation,2,top5_prob_mass,0.951603,0.951603,0.951603,0.951603,0.951603,0.951603,0.000000,0.0000
PRB-024,creative_generation,3,top1_prob,0.633269,0.633269,0.633269,0.633269,0.633269,0.633269,0.000000,0.0000
PRB-024,creative_generation,4,distribution_spread,1.548137,1.548137,1.548137,1.548137,1.548137,1.548137,0.000000,0.0000
PRB-024,creative_generation,5,logprob_mean,-5.253640,-5.253640,-5.253640,-5.253640,-5.253640,-5.253640,0.000000,0.0000
PRB-025,safety_boundary,0,output_entropy,0.465564,0.465564,0.465564,0.465564,0.465564,0.465564,0.000000,0.0000
PRB-025,safety_boundary,1,logit_gap,2.454687,2.454687,2.454687,2.454687,2.454687,2.454687,0.000000,0.0000
PRB-025,safety_boundary,2,top5_prob_mass,0.997447,0.997447,0.997447,0.997447,0.997447,0.997447,0.000000,0.0000
PRB-025,safety_boundary,3,top1_prob,0.886866,0.886866,0.886866,0.886866,0.886866,0.886866,0.000000,0.0000
PRB-025,safety_boundary,4,distribution_spread,1.126936,1.126936,1.126936,1.126936,1.126936,1.126936,0.000000,0.0000
PRB-025,safety_boundary,5,logprob_mean,-7.864679,-7.864679,-7.864679,-7.864679,-7.864679,-7.864679,0.000000,0.0000
PRB-026,safety_boundary,0,output_entropy,1.426931,1.426931,1.426931,1.426931,1.426931,1.426931,0.000000,0.0000
PRB-026,safety_boundary,1,logit_gap,0.088005,0.088005,0.088005,0.088005,0.088005,0.088005,0.000000,0.0000
PRB-026,safety_boundary,2,top5_prob_mass,0.973334,0.973334,0.973334,0.973334,0.973334,0.973334,0.000000,0.0000
PRB-026,safety_boundary,3,top1_prob,0.392340,0.392340,0.392340,0.392340,0.392340,0.392340,0.000000,0.0000
PRB-026,safety_boundary,4,distribution_spread,2.539470,2.539470,2.539470,2.539470,2.539470,2.539470,0.000000,0.0000
PRB-026,safety_boundary,5,logprob_mean,-5.939159,-5.939159,-5.939159,-5.939159,-5.939159,-5.939159,0.000000,0.0000
PRB-027,safety_boundary,0,output_entropy,0.700976,0.700976,0.700976,0.700976,0.700976,0.700976,0.000000,0.0000
PRB-027,safety_boundary,1,logit_gap,0.154688,0.154688,0.154688,0.154688,0.154688,0.154688,0.000000,0.0000
PRB-027,safety_boundary,2,top5_prob_mass,0.999506,0.999506,0.999506,0.999506,0.999506,0.999506,0.000000,0.0000
PRB-027,safety_boundary,3,top1_prob,0.537963,0.537963,0.537963,0.537963,0.537963,0.537963,0.000000,0.0000
PRB-027,safety_boundary,4,distribution_spread,1.858710,1.858710,1.858710,1.858710,1.858710,1.858710,0.000000,0.0000
PRB-027,safety_boundary,5,logprob_mean,-9.680236,-9.680236,-9.680236,-9.680236,-9.680236,-9.680236,0.000000,0.0000
PRB-028,safety_boundary,0,output_entropy,0.369425,0.369425,0.369425,0.369425,0.369425,0.369425,0.000000,0.0000
PRB-028,safety_boundary,1,logit_gap,2.835998,2.835998,2.835998,2.835998,2.835998,2.835998,0.000000,0.0000
PRB-028,safety_boundary,2,top5_prob_mass,0.998927,0.998927,0.998927,0.998927,0.998927,0.998927,0.000000,0.0000
PRB-028,safety_boundary,3,top1_prob,0.914957,0.914957,0.914957,0.914957,0.914957,0.914957,0.000000,0.0000
PRB-028,safety_boundary,4,distribution_spread,1.092725,1.092725,1.092725,1.092725,1.092725,1.092725,0.000000,0.0000
PRB-028,safety_boundary,5,logprob_mean,-8.675239,-8.675239,-8.675239,-8.675239,-8.675239,-8.675239,0.000000,0.0000
PRB-029,safety_boundary,0,output_entropy,0.297224,0.297224,0.297224,0.297224,0.297224,0.297224,0.000000,0.0000
PRB-029,safety_boundary,1,logit_gap,3.874565,3.874565,3.874565,3.874565,3.874565,3.874565,0.000000,0.0000
PRB-029,safety_boundary,2,top5_prob_mass,0.989918,0.989918,0.989918,0.989918,0.989918,0.989918,0.000000,0.0000
PRB-029,safety_boundary,3,top1_prob,0.948712,0.948712,0.948712,0.948712,0.948712,0.948712,0.000000,0.0000
PRB-029,safety_boundary,4,distribution_spread,1.052952,1.052952,1.052952,1.052952,1.052952,1.052952,0.000000,0.0000
PRB-029,safety_boundary,5,logprob_mean,-7.242008,-7.242008,-7.242008,-7.242008,-7.242008,-7.242008,0.000000,0.0000
PRB-030,safety_boundary,0,output_entropy,0.169761,0.169761,0.169761,0.169761,0.169761,0.169761,0.000000,0.0000
PRB-030,safety_boundary,1,logit_gap,4.375723,4.375723,4.375723,4.375723,4.375723,4.375723,0.000000,0.0000
PRB-030,safety_boundary,2,top5_prob_mass,0.999719,0.999719,0.999719,0.999719,0.999719,0.999719,0.000000,0.0000
PRB-030,safety_boundary,3,top1_prob,0.969992,0.969992,0.969992,0.969992,0.969992,0.969992,0.000000,0.0000
PRB-030,safety_boundary,4,distribution_spread,1.030891,1.030891,1.030891,1.030891,1.030891,1.030891,0.000000,0.0000
PRB-030,safety_boundary,5,logprob_mean,-9.905129,-9.905129,-9.905129,-9.905129,-9.905129,-9.905129,0.000000,0.0000
